DATE,y
2012-01-01,
2012-01-02,4872.4228
2012-01-03,2216.4964
2012-01-04,1361.1496
2012-01-05,1229.5647999999999
2012-01-06,320.4816
2012-01-07,1232.5128
2012-01-08,127.304
2012-01-09,3601.9228000000003
2012-01-10,4680.1044
2012-01-11,4364.8752
2012-01-12,4514.916
2012-01-13,5018.0432
2012-01-14,9812.1624
2012-01-15,2837.86
2012-01-16,5859.64
2012-01-17,3696.3712
2012-01-18,1544.8888
2012-01-19,1037.5416
2012-01-20,3533.8752000000004
2012-01-21,964.3488000000001
2012-01-22,434.954
2012-01-23,1555.1612
2012-01-24,2314.5264
2012-01-25,1655.4307999999999
2012-01-26,999.5324
2012-01-27,1343.3824
2012-01-28,762.1232000000001
2012-01-29,66.1304
2012-01-30,2192.362
2012-01-31,1556.6676
2012-02-01,2589.98
2012-02-02,2108.3979999999997
2012-02-03,1327.4504000000002
2012-02-04,1023.7028
2012-02-05,55.742399999999996
2012-02-06,1356.3211999999999
2012-02-07,1457.4604000000002
2012-02-08,1729.8239999999998
2012-02-09,1940.4024
2012-02-10,1717.8472
2012-02-11,527.5536
2012-02-12,
2012-02-13,909.1283999999999
2012-02-14,1694.694
2012-02-15,1570.0035999999998
2012-02-16,887.7564
2012-02-17,1707.0764000000001
2012-02-18,609.3356
2012-02-19,
2012-02-20,1332.8764
2012-02-21,2024.08
2012-02-22,3158.1352
2012-02-23,1684.7923999999998
2012-02-24,1915.7144
2012-02-25,1019.6808
2012-02-26,
2012-02-27,2115.9244
2012-02-28,1952.4204
2012-02-29,2652.836
2012-03-01,1196.498
2012-03-02,1123.6028
2012-03-03,1050.638
2012-03-04,132.0772
2012-03-05,1916.9516
2012-03-06,3192.1884000000005
2012-03-07,2401.8716
2012-03-08,2396.0584
2012-03-09,1178.7032000000002
2012-03-10,884.5372
2012-03-11,157.9852
2012-03-12,1294.7356
2012-03-13,1361.0683999999999
2012-03-14,2505.7488
2012-03-15,3270.2291999999998
2012-03-16,1528.6216
2012-03-17,1087.212
2012-03-18,50.1368
2012-03-19,1778.5896
2012-03-20,3125.4936
2012-03-21,1441.9124
2012-03-22,2745.3644
2012-03-23,2026.5444
2012-03-24,759.4739999999999
2012-03-25,269.2168
2012-03-26,1376.9412
2012-03-27,2155.1564000000003
2012-03-28,2709.93
2012-03-29,930.5032000000001
2012-03-30,2206.8656
2012-03-31,1759.506
2012-04-01,0.0
2012-04-02,1503.6204
2012-04-03,2955.3808000000004
2012-04-04,2424.9736
2012-04-05,1058.894
2012-04-06,1940.9328
2012-04-07,1478.2751999999998
2012-04-08,196.8576
2012-04-09,
2012-04-10,2611.408
2012-04-11,2430.64
2012-04-12,1926.36
2012-04-13,1155.6692
2012-04-14,865.2675999999999
2012-04-15,63.8112
2012-04-16,1556.24
2012-04-17,2014.96
2012-04-18,1747.0728
2012-04-19,1488.7751999999998
2012-04-20,1541.82
2012-04-21,789.1508
2012-04-22,2.7144
2012-04-23,1399.7856
2012-04-24,2699.3671999999997
2012-04-25,115.7544
2012-04-26,2945.798
2012-04-27,1605.8908
2012-04-28,593.4852
2012-04-29,90.846
2012-04-30,784.6856
2012-05-01,
2012-05-02,3996.5148
2012-05-03,3378.3944
2012-05-04,1347.59
2012-05-05,2296.7536
2012-05-06,139.11360000000002
2012-05-07,1490.6196
2012-05-08,2390.0756
2012-05-09,2960.7076
2012-05-10,1627.1512
2012-05-11,2119.9672
2012-05-12,2940.8876
2012-05-13,140.4448
2012-05-14,2759.4336
2012-05-15,2335.3035999999997
2012-05-16,1442.2848000000001
2012-05-17,1459.6232
2012-05-18,2310.5132
2012-05-19,1894.244
2012-05-20,103.86959999999999
2012-05-21,2061.212
2012-05-22,2511.5535999999997
2012-05-23,2828.5815999999995
2012-05-24,3593.6220000000003
2012-05-25,2188.9492
2012-05-26,1632.744
2012-05-27,137.8168
2012-05-28,2666.53
2012-05-29,2594.9328
2012-05-30,1742.8928
2012-05-31,2706.5608
2012-06-01,3355.4156
2012-06-03,78.7248
2012-06-04,848.5903999999999
2012-06-05,1982.6556
2012-06-06,1889.7456
2012-06-07,3240.6892
2012-06-08,2200.2312
2012-06-09,1208.6828
2012-06-10,0.0
2012-06-11,1935.5716
2012-06-12,1521.7128
2012-06-13,1597.9
2012-06-14,1440.9648000000002
2012-06-15,2577.2208
2012-06-16,496.4996
2012-06-17,351.8176
2012-06-18,1693.0323999999998
2012-06-19,3229.8171999999995
2012-06-20,1867.5672
2012-06-21,1891.0156
2012-06-22,1371.9807999999998
2012-06-23,601.8304
2012-06-24,
2012-06-25,853.5111999999999
2012-06-26,1620.9844
2012-06-27,1136.1632
2012-06-28,2565.1492000000003
2012-06-29,1616.2936
2012-06-30,829.8048
2012-07-01,
2012-07-02,856.802
2012-07-03,2109.3004
2012-07-04,1612.6556
2012-07-05,1313.0620000000001
2012-07-06,810.6292
2012-07-07,1078.5339999999999
2012-07-08,81.9944
2012-07-09,1041.2884
2012-07-10,1132.3524
2012-07-11,1128.5652
2012-07-12,1703.8496
2012-07-13,1371.662
2012-07-14,220.40720000000002
2012-07-15,169.94080000000002
2012-07-16,1184.8936
2012-07-17,2025.3288
2012-07-18,720.1316
2012-07-19,1302.312
2012-07-20,1452.1648
2012-07-21,484.7036
2012-07-22,0.0
2012-07-23,1272.9160000000002
2012-07-24,1465.3048000000001
2012-07-25,1026.1496
2012-07-26,1345.1528
2012-07-27,1578.3968
2012-07-28,1265.1148
2012-07-29,33.7732
2012-07-30,1497.2672
2012-07-31,1958.6896
2012-08-01,727.4476
2012-08-02,1031.4332000000002
2012-08-03,1125.636
2012-08-04,466.1748
2012-08-05,
2012-08-06,311.8824
2012-08-07,636.5596
2012-08-08,1240.808
2012-08-09,218.1796
2012-08-10,211.2352
2012-08-11,520.202
2012-08-13,
2012-08-14,
2012-08-15,
2012-08-16,49.1268
2012-08-17,164.8148
2012-08-18,
2012-08-19,
2012-08-20,43.194799999999994
2012-08-21,291.4812
2012-08-22,427.7472
2012-08-23,119.796
2012-08-24,280.0652
2012-08-25,362.38599999999997
2012-08-26,
2012-08-27,1032.2736
2012-08-28,1185.8555999999999
2012-08-29,903.6648
2012-08-30,1032.36
2012-08-31,736.1064
2012-09-01,364.0988
2012-09-02,
2012-09-03,1226.7048
2012-09-04,1436.3856
2012-09-05,2220.4804
2012-09-06,1189.6832000000002
2012-09-07,1129.0803999999998
2012-09-08,656.4512
2012-09-09,9.2612
2012-09-10,1623.1835999999998
2012-09-11,2671.4716
2012-09-12,1728.9260000000002
2012-09-13,1483.8968
2012-09-14,1139.2352
2012-09-15,453.49160000000006
2012-09-16,44.5408
2012-09-17,1642.0151999999998
2012-09-18,1841.7479999999998
2012-09-19,1085.5452
2012-09-20,2221.6556
2012-09-21,2014.7816
2012-09-22,1044.8239999999998
2012-09-23,54.8156
2012-09-24,2576.7056
2012-09-25,2322.1048
2012-09-26,1671.694
2012-09-27,2427.6764000000003
2012-09-28,1507.398
2012-09-29,462.45480000000003
2012-09-30,
2012-10-01,1519.5020000000002
2012-10-02,1975.6712
2012-10-03,2820.2816
2012-10-04,1906.2448000000002
2012-10-05,1656.2823999999998
2012-10-06,1687.1368
2012-10-07,34.488
2012-10-08,1238.95
2012-10-09,3260.7891999999997
2012-10-10,2306.0076
2012-10-11,2602.8348
2012-10-12,2122.4308
2012-10-13,1059.65
2012-10-14,138.9616
2012-10-15,1883.4707999999998
2012-10-16,3919.8232000000003
2012-10-17,1395.3676
2012-10-18,2580.2436
2012-10-19,2569.2852
2012-10-20,1999.318
2012-10-21,606.3468
2012-10-22,2210.0812
2012-10-23,3671.6484
2012-10-24,2333.5184
2012-10-25,2792.9464000000003
2012-10-26,2771.9372
2012-10-27,1525.5836
2012-10-28,63.4404
2012-10-29,2117.7032
2012-10-30,1870.0652
2012-10-31,3596.0096000000003
2012-11-01,96.9608
2012-11-02,1964.4816
2012-11-03,1218.8508
2012-11-04,101.32639999999999
2012-11-05,2240.9139999999998
2012-11-06,3819.5872
2012-11-07,2143.2816000000003
2012-11-08,2164.1892000000003
2012-11-09,2875.7291999999998
2012-11-10,1181.818
2012-11-11,59.2856
2012-11-12,2580.2104
2012-11-13,1974.2692000000002
2012-11-14,4076.8264
2012-11-15,1416.9792000000002
2012-11-16,1974.9788
2012-11-17,1143.6976
2012-11-18,229.6232
2012-11-19,1681.1576
2012-11-20,2332.364
2012-11-21,2191.7448
2012-11-22,1476.138
2012-11-23,1791.1228
2012-11-24,836.3128
2012-11-25,42.1408
2012-11-26,2029.6888000000001
2012-11-27,1902.1336
2012-11-28,1769.266
2012-11-29,1420.3892
2012-11-30,694.3703999999999
2012-12-01,615.5187999999999
2012-12-02,318.4332
2012-12-03,2276.6652
2012-12-04,1641.3716
2012-12-05,1468.7384
2012-12-06,1537.0996
2012-12-07,1573.3344
2012-12-08,79.1796
2012-12-09,253.30360000000002
2012-12-10,1368.7884
2012-12-11,2006.1812
2012-12-12,1967.2507999999998
2012-12-13,1593.85
2012-12-14,1694.714
2012-12-15,890.9567999999999
2012-12-16,137.3364
2012-12-17,850.4836
2012-12-18,1715.0667999999998
2012-12-19,889.2724000000001
2012-12-20,1188.0596
2012-12-21,593.4004
2012-12-22,925.5319999999999
2012-12-23,9.7784
2012-12-24,
2012-12-25,
2012-12-26,
2012-12-27,605.5176
2012-12-28,792.6972000000001
2012-12-29,555.4916000000001
2012-12-30,114.65879999999999
2012-12-31,263.9316
2013-01-01,
2013-01-02,2660.948
2013-01-03,1696.4904000000001
2013-01-04,931.6768
2013-01-05,1867.0544
2013-01-06,22.4896
2013-01-07,2203.7504
2013-01-08,4312.8848
2013-01-09,2030.2476000000001
2013-01-10,2109.5204
2013-01-11,1871.7276000000002
2013-01-12,786.3996000000001
2013-01-13,628.4536
2013-01-14,3262.5247999999997
2013-01-15,2300.2048
2013-01-16,2197.1732
2013-01-17,1864.1084
2013-01-18,1111.6944
2013-01-19,1010.5828
2013-01-20,595.7436
2013-01-21,1272.2404
2013-01-22,2346.3360000000002
2013-01-23,3081.046
2013-01-24,3103.7488
2013-01-25,1565.6412
2013-01-26,1573.4879999999998
2013-01-27,652.4008
2013-01-28,4579.5796
2013-01-29,6290.3164
2013-01-30,5198.1832
2013-01-31,11189.614399999999
2013-02-01,2813.5332
2013-02-02,2034.6816000000001
2013-02-03,136.2972
2013-02-04,2965.968
2013-02-05,3199.8688
2013-02-06,2924.1315999999997
2013-02-07,2188.244
2013-02-08,1179.5203999999999
2013-02-09,2521.1556
2013-02-10,42.3012
2013-02-11,2911.4532
2013-02-12,2782.5376
2013-02-13,2939.1304
2013-02-14,1801.5316
2013-02-15,3923.6288
2013-02-16,1620.4707999999998
2013-02-17,611.2728
2013-02-18,3329.3540000000003
2013-02-19,2653.6832
2013-02-20,2033.318
2013-02-21,1122.2808
2013-02-22,2353.3044
2013-02-23,1539.164
2013-02-24,152.97879999999998
2013-02-25,1307.1444000000001
2013-02-26,1381.3708
2013-02-27,3163.062
2013-02-28,1940.4672
2013-03-01,1795.4656
2013-03-02,2191.7968
2013-03-03,146.0632
2013-03-04,2725.8196000000003
2013-03-05,2755.7356
2013-03-06,992.706
2013-03-07,1415.1044
2013-03-08,2590.186
2013-03-09,589.9996
2013-03-10,196.4116
2013-03-11,2509.8408
2013-03-12,2650.0376
2013-03-13,2138.7964
2013-03-14,1451.338
2013-03-15,1098.1804
2013-03-16,1077.9164
2013-03-17,38.2624
2013-03-18,1141.1104
2013-03-19,1768.2332000000001
2013-03-20,1979.7312
2013-03-21,2302.2952
2013-03-22,1703.0964000000001
2013-03-23,1526.4076
2013-03-24,35.6516
2013-03-25,1390.5539999999999
2013-03-26,2201.624
2013-03-27,3200.5932000000003
2013-03-28,2484.1484
2013-03-29,2286.9328
2013-03-30,1264.5572
2013-03-31,
2013-04-01,226.4032
2013-04-02,1857.3676
2013-04-03,2053.1972
2013-04-04,1619.066
2013-04-05,1020.7464
2013-04-06,1368.7932
2013-04-07,402.5844
2013-04-08,3036.402
2013-04-09,1429.7212
2013-04-10,1432.136
2013-04-11,1666.2484
2013-04-12,1443.632
2013-04-13,841.2755999999999
2013-04-14,198.2676
2013-04-15,1790.5351999999998
2013-04-16,2201.314
2013-04-17,3807.8848
2013-04-18,2387.9120000000003
2013-04-19,1814.2428
2013-04-20,1962.7388
2013-04-21,169.7656
2013-04-22,1073.8928
2013-04-23,1872.1272
2013-04-24,1299.1408000000001
2013-04-25,144.89600000000002
2013-04-26,1900.86
2013-04-27,1695.5924
2013-04-28,27.9252
2013-04-29,2192.9176
2013-04-30,2817.8608000000004
2013-05-01,79.452
2013-05-02,1898.8324
2013-05-03,3332.9528000000005
2013-05-04,1308.7896
2013-05-05,388.934
2013-05-06,2085.438
2013-05-07,3061.2072
2013-05-08,3671.0468
2013-05-09,1672.116
2013-05-10,2116.5464
2013-05-11,1260.1516000000001
2013-05-12,190.426
2013-05-13,2844.6276000000003
2013-05-14,1651.7716
2013-05-15,3975.9447999999998
2013-05-16,2819.2124
2013-05-17,1857.6996
2013-05-18,1527.4344
2013-05-19,96.2736
2013-05-20,2660.5303999999996
2013-05-21,1564.9796
2013-05-22,2565.2448
2013-05-23,3255.6367999999998
2013-05-24,1636.6684
2013-05-25,984.9472000000001
2013-05-26,39.1372
2013-05-27,1228.0696
2013-05-28,2922.3291999999997
2013-05-29,3054.2672
2013-05-30,2956.758
2013-05-31,2674.4676
2013-06-01,1748.0724
2013-06-02,126.314
2013-06-03,2288.4708
2013-06-04,3285.4752000000003
2013-06-05,3061.7816
2013-06-06,1664.5848
2013-06-07,2207.3656
2013-06-08,1764.0636
2013-06-09,107.264
2013-06-10,2491.8379999999997
2013-06-11,2394.0052
2013-06-12,2080.4376
2013-06-13,3161.6356
2013-06-14,1347.0172
2013-06-15,1479.7648000000002
2013-06-16,155.5428
2013-06-17,1954.0788
2013-06-18,2827.3696
2013-06-19,2879.0804
2013-06-20,2338.7796
2013-06-21,2207.1376
2013-06-22,1435.2788
2013-06-23,31.909200000000002
2013-06-24,2162.3104000000003
2013-06-25,1844.0388
2013-06-26,1809.2936
2013-06-27,1874.4424
2013-06-28,1921.8568
2013-06-29,711.6132000000001
2013-06-30,135.9244
2013-07-01,868.2692
2013-07-02,1500.8156
2013-07-03,2652.4632
2013-07-04,1177.6972
2013-07-05,1758.0279999999998
2013-07-06,394.95
2013-07-07,
2013-07-08,1644.6760000000002
2013-07-09,1761.5151999999998
2013-07-10,1309.672
2013-07-11,1501.374
2013-07-12,1729.0708
2013-07-13,912.8539999999999
2013-07-14,203.78119999999998
2013-07-15,1440.0067999999999
2013-07-16,1882.1704
2013-07-17,2225.9564
2013-07-18,1387.6744
2013-07-19,2354.0604000000003
2013-07-20,379.774
2013-07-21,
2013-07-22,1482.276
2013-07-23,1949.7028
2013-07-24,3035.7144
2013-07-25,893.868
2013-07-26,2365.7436
2013-07-27,798.3416000000001
2013-07-28,240.2648
2013-07-29,1867.7028
2013-07-30,1647.104
2013-07-31,532.6283999999999
2013-08-01,2415.0992
2013-08-02,1177.5408
2013-08-03,1230.4316000000001
2013-08-04,128.7132
2013-08-05,432.914
2013-08-06,1184.7476
2013-08-07,985.0203999999999
2013-08-08,616.828
2013-08-09,746.7136
2013-08-10,462.8772
2013-08-12,47.9864
2013-08-13,21.312399999999997
2013-08-14,136.9636
2013-08-15,
2013-08-16,
2013-08-17,
2013-08-18,
2013-08-19,435.61480000000006
2013-08-20,43.9884
2013-08-21,178.2532
2013-08-22,273.56080000000003
2013-08-23,987.7292
2013-08-24,120.25959999999999
2013-08-25,67.24119999999999
2013-08-26,449.06800000000004
2013-08-27,1278.2528
2013-08-28,368.7924
2013-08-29,794.666
2013-08-30,295.3168
2013-08-31,683.8316
2013-09-01,83.42399999999999
2013-09-02,1657.8492
2013-09-03,1785.0804
2013-09-04,1695.9596
2013-09-05,1331.5320000000002
2013-09-06,3415.0636
2013-09-07,1036.3048
2013-09-08,166.7852
2013-09-09,1023.5652
2013-09-10,2048.0016
2013-09-11,2968.094
2013-09-12,1348.3051999999998
2013-09-13,1939.6248
2013-09-14,819.4860000000001
2013-09-15,0.0
2013-09-16,1000.3439999999999
2013-09-17,1473.9460000000001
2013-09-18,1365.9651999999999
2013-09-19,1477.8404
2013-09-20,1768.8483999999999
2013-09-21,651.566
2013-09-22,264.94759999999997
2013-09-23,3088.5784000000003
2013-09-24,1538.0404
2013-09-25,2742.4640000000004
2013-09-26,1448.9104
2013-09-27,2153.3884
2013-09-28,1640.3092000000001
2013-09-29,324.2264
2013-09-30,1422.9884
2013-10-01,2579.6423999999997
2013-10-02,3059.4108
2013-10-03,2078.9168
2013-10-04,1802.5576
2013-10-05,1126.7604
2013-10-06,231.04
2013-10-07,2517.4312
2013-10-08,3212.0876000000003
2013-10-09,3125.9752000000003
2013-10-10,2105.1751999999997
2013-10-11,2570.5188
2013-10-12,1342.0792000000001
2013-10-13,146.25879999999998
2013-10-14,2190.4827999999998
2013-10-15,2066.6636
2013-10-16,3878.5984000000003
2013-10-17,2354.1983999999998
2013-10-18,2668.0268
2013-10-19,1643.4460000000001
2013-10-20,121.1308
2013-10-21,1470.5604
2013-10-22,4236.2432
2013-10-23,2765.2171999999996
2013-10-24,2678.8312
2013-10-25,2852.54
2013-10-26,1333.4316000000001
2013-10-27,154.92
2013-10-28,1824.3504
2013-10-29,4471.96
2013-10-30,3974.5371999999998
2013-10-31,2809.3315999999995
2013-11-01,138.9632
2013-11-02,1755.9184
2013-11-03,410.5884
2013-11-04,2034.13
2013-11-05,3331.4936
2013-11-06,2542.24
2013-11-07,3235.4596
2013-11-08,2170.5748000000003
2013-11-09,2623.5964000000004
2013-11-10,524.5323999999999
2013-11-11,3424.1652000000004
2013-11-12,1877.4135999999999
2013-11-13,2184.1044
2013-11-14,1857.0739999999998
2013-11-15,2142.4988
2013-11-16,1222.482
2013-11-17,64.032
2013-11-18,2155.7824
2013-11-19,2433.5852
2013-11-20,1648.726
2013-11-21,1255.9596000000001
2013-11-22,1569.9568
2013-11-23,610.8616000000001
2013-11-24,108.46719999999999
2013-11-25,1515.2976
2013-11-26,1937.0811999999999
2013-11-27,2443.32
2013-11-28,2337.8068
2013-11-29,566.2176000000001
2013-11-30,932.7408
2013-12-01,219.78080000000003
2013-12-02,1398.6532
2013-12-03,2311.36
2013-12-04,1171.6192
2013-12-05,907.334
2013-12-06,904.7288000000001
2013-12-07,727.5648
2013-12-08,96.33959999999999
2013-12-09,1256.0792
2013-12-10,2122.6192
2013-12-11,1107.5664
2013-12-12,2105.0712
2013-12-13,1719.37
2013-12-14,1077.4832000000001
2013-12-15,19.6756
2013-12-16,1598.8996
2013-12-17,2019.1352
2013-12-18,1959.3572
2013-12-19,1639.5667999999998
2013-12-20,2084.7676
2013-12-21,440.5256
2013-12-22,291.51439999999997
2013-12-23,846.4232000000001
2013-12-24,479.9196
2013-12-25,
2013-12-26,51.1232
2013-12-27,830.9911999999999
2013-12-28,1195.0475999999999
2013-12-29,536.1572
2013-12-30,1180.2076
2013-12-31,321.1332
2014-01-01,111.57719999999999
2014-01-02,1597.3908
2014-01-03,1589.9848000000002
2014-01-04,1235.8552
2014-01-05,286.134
2014-01-06,161.908
2014-01-07,4251.7776
2014-01-08,2722.3536
2014-01-09,3249.8071999999997
2014-01-10,1905.046
2014-01-11,582.68
2014-01-12,146.8824
2014-01-13,2486.8835999999997
2014-01-14,2296.5412
2014-01-15,2944.2676
2014-01-16,2633.8252
2014-01-17,1614.8916
2014-01-18,1065.3092
2014-01-19,0.0
2014-01-20,2737.3388
2014-01-21,3425.2176
2014-01-22,2563.9788
2014-01-23,3399.1040000000003
2014-01-24,2284.7728
2014-01-25,1381.1084
2014-01-26,185.668
2014-01-27,2801.9336
2014-01-28,4935.932
2014-01-29,6273.4248
2014-01-30,6745.4796
2014-01-31,9051.096800000001
2014-02-01,2537.6852
2014-02-02,598.2488
2014-02-03,2454.1376
2014-02-04,2457.3392000000003
2014-02-05,3085.5212
2014-02-06,1686.132
2014-02-07,1704.5151999999998
2014-02-08,1357.9572
2014-02-09,361.0752
2014-02-10,1871.7372
2014-02-11,2496.006
2014-02-12,1626.0792000000001
2014-02-13,2576.214
2014-02-14,1622.9432000000002
2014-02-15,1065.3203999999998
2014-02-16,107.344
2014-02-17,2597.0144
2014-02-18,1978.3252
2014-02-19,1867.4848000000002
2014-02-20,1961.7148000000002
2014-02-21,1265.6936
2014-02-22,943.2764
2014-02-23,
2014-02-24,2169.7616
2014-02-25,1374.1116
2014-02-26,2006.8496
2014-02-27,2711.8876
2014-02-28,1927.7160000000001
2014-03-01,1301.796
2014-03-02,231.63119999999998
2014-03-03,1254.6948
2014-03-04,1641.602
2014-03-05,1917.9228
2014-03-06,2143.288
2014-03-07,1677.0536
2014-03-08,884.8947999999999
2014-03-09,158.2416
2014-03-10,1553.8696
2014-03-11,1543.7435999999998
2014-03-12,2158.8208
2014-03-13,2180.7144
2014-03-14,2339.0104
2014-03-15,1212.7252
2014-03-16,
2014-03-17,2085.1952
2014-03-18,2246.5784
2014-03-19,1657.2844
2014-03-20,1725.08
2014-03-21,1806.9456
2014-03-22,728.1516
2014-03-23,899.4388
2014-03-24,1379.5796
2014-03-25,3219.0316
2014-03-26,2128.8808
2014-03-27,2214.5616
2014-03-28,1083.7384
2014-03-29,1352.0796
2014-03-30,85.098
2014-03-31,1117.0192
2014-04-01,2193.5712
2014-04-02,1867.7207999999998
2014-04-03,1047.3668
2014-04-04,1016.3367999999999
2014-04-05,1133.6264
2014-04-06,64.3748
2014-04-07,1394.5135999999998
2014-04-08,1074.9956
2014-04-09,1640.27
2014-04-10,2234.6324
2014-04-11,1755.406
2014-04-12,693.6024000000001
2014-04-13,123.50120000000001
2014-04-14,2259.4944
2014-04-15,2564.0456
2014-04-16,1938.6944
2014-04-17,1780.6576
2014-04-18,2243.7192
2014-04-19,1417.704
2014-04-20,
2014-04-21,
2014-04-22,1588.8624
2014-04-23,1458.1604
2014-04-24,1749.8008
2014-04-25,7.6052
2014-04-26,808.0896
2014-04-27,135.5992
2014-04-28,1695.3576
2014-04-29,1678.6528
2014-04-30,1924.1172
2014-05-01,39.572399999999995
2014-05-02,1672.5376
2014-05-03,1871.2688
2014-05-04,42.0188
2014-05-05,1903.1428
2014-05-06,1256.2864
2014-05-07,2626.9759999999997
2014-05-08,1516.8067999999998
2014-05-09,2039.2495999999999
2014-05-10,915.8792
2014-05-11,
2014-05-12,1991.4735999999998
2014-05-13,2931.3228000000004
2014-05-14,1496.3536
2014-05-15,2068.9664000000002
2014-05-16,1199.056
2014-05-17,738.5992
2014-05-18,91.0476
2014-05-19,1887.7812
2014-05-20,3160.0728000000004
2014-05-21,1757.1732000000002
2014-05-22,2110.5396
2014-05-23,2045.6624
2014-05-24,1163.774
2014-05-25,0.0
2014-05-26,1772.7556
2014-05-27,2395.7964
2014-05-28,1912.3548
2014-05-29,2805.0608
2014-05-30,2568.7792
2014-05-31,930.8739999999999
2014-06-01,6.348
2014-06-02,313.54400000000004
2014-06-03,2632.0847999999996
2014-06-04,3000.4924
2014-06-05,2219.4516
2014-06-06,2244.1144
2014-06-07,1294.5767999999998
2014-06-08,243.0468
2014-06-09,2190.8388
2014-06-10,4957.4996
2014-06-11,3113.6268
2014-06-12,3432.5188
2014-06-13,2870.6744
2014-06-14,842.3760000000001
2014-06-15,392.7712
2014-06-16,2238.3516
2014-06-17,981.7644
2014-06-18,1609.0511999999999
2014-06-19,2691.6191999999996
2014-06-20,1918.4572
2014-06-21,614.3192
2014-06-22,324.5636
2014-06-23,899.0972
2014-06-24,2143.7104
2014-06-25,1785.3948
2014-06-26,1832.3136
2014-06-27,907.5924
2014-06-28,1501.4735999999998
2014-06-29,
2014-06-30,1482.7160000000001
2014-07-01,1898.8788
2014-07-02,1131.8103999999998
2014-07-03,1035.9756
2014-07-04,1589.656
2014-07-05,346.97839999999997
2014-07-06,
2014-07-07,774.3428
2014-07-08,1861.86
2014-07-09,773.7984
2014-07-10,1114.5803999999998
2014-07-11,2871.6367999999998
2014-07-12,1006.9404
2014-07-13,104.7608
2014-07-14,1020.1624
2014-07-15,781.1092
2014-07-16,1317.6184
2014-07-17,1211.672
2014-07-18,732.3472
2014-07-19,808.1972000000001
2014-07-20,73.48479999999999
2014-07-21,1026.2456
2014-07-22,2044.2828
2014-07-23,1863.3023999999998
2014-07-24,1145.402
2014-07-25,1452.4624
2014-07-26,639.6148000000001
2014-07-27,3.0060000000000002
2014-07-28,946.6896
2014-07-29,2008.9656
2014-07-30,1453.296
2014-07-31,1681.116
2014-08-01,2709.288
2014-08-02,1199.8652
2014-08-03,0.0
2014-08-04,1772.2232000000001
2014-08-05,1157.79
2014-08-06,1171.68
2014-08-07,1226.758
2014-08-08,763.2052
2014-08-09,111.95479999999999
2014-08-10,46.2472
2014-08-11,218.4924
2014-08-12,120.38
2014-08-13,48.5392
2014-08-14,
2014-08-15,
2014-08-16,171.92520000000002
2014-08-17,
2014-08-18,58.9944
2014-08-19,267.35
2014-08-20,514.8088
2014-08-21,98.0284
2014-08-22,52.72
2014-08-23,60.3256
2014-08-24,
2014-08-25,834.6516
2014-08-26,614.016
2014-08-27,636.6392
2014-08-28,1988.922
2014-08-29,334.20239999999995
2014-08-30,741.6996
2014-08-31,46.52
2014-09-01,980.7460000000001
2014-09-02,2273.4724
2014-09-03,2115.4292
2014-09-04,1034.3672
2014-09-05,1187.4544
2014-09-06,376.1196
2014-09-07,
2014-09-08,972.6039999999999
2014-09-09,2911.3264
2014-09-10,2500.4276
2014-09-11,1555.5708
2014-09-12,1687.5195999999999
2014-09-13,1111.9588
2014-09-14,266.9904
2014-09-15,1717.1076
2014-09-16,1548.3444
2014-09-17,1972.184
2014-09-18,1558.6472
2014-09-19,1289.9108
2014-09-20,1000.4292
2014-09-21,583.1723999999999
2014-09-22,2424.3072
2014-09-23,2634.9
2014-09-24,1483.4779999999998
2014-09-25,3639.4336
2014-09-26,1774.9352
2014-09-27,871.6924
2014-09-28,211.458
2014-09-29,1856.6492
2014-09-30,1519.2488
2014-10-01,1900.4116000000001
2014-10-02,2306.636
2014-10-03,2854.0724
2014-10-04,632.2228
2014-10-05,26.3692
2014-10-06,2104.72
2014-10-07,2667.0647999999997
2014-10-08,2325.7032
2014-10-09,1653.4972
2014-10-10,2000.2132000000001
2014-10-11,1011.7252000000001
2014-10-12,244.632
2014-10-13,1430.4044000000001
2014-10-14,2851.8579999999997
2014-10-15,2542.1423999999997
2014-10-16,1557.8404
2014-10-17,2575.8096
2014-10-18,1317.1148
2014-10-19,359.39639999999997
2014-10-20,2781.0684
2014-10-21,4454.2896
2014-10-22,2758.4336
2014-10-23,3799.6171999999997
2014-10-24,2075.1548000000003
2014-10-25,1775.1948000000002
2014-10-26,386.1712
2014-10-27,1934.116
2014-10-28,3146.4652
2014-10-29,2989.0976
2014-10-30,3294.5872
2014-10-31,2658.3676
2014-11-01,121.8344
2014-11-02,202.7312
2014-11-03,1867.6332
2014-11-04,3081.6459999999997
2014-11-05,2308.3728
2014-11-06,1779.046
2014-11-07,2076.476
2014-11-08,1615.9468
2014-11-09,424.41360000000003
2014-11-10,3245.4492
2014-11-11,3051.0588000000002
2014-11-12,2194.6668
2014-11-13,1957.6012
2014-11-14,2246.5436
2014-11-15,615.0692
2014-11-16,279.0244
2014-11-17,1273.848
2014-11-18,1750.5367999999999
2014-11-19,3022.8276
2014-11-20,1911.5792000000001
2014-11-21,1908.5028
2014-11-22,1106.0048
2014-11-23,234.9968
2014-11-24,1084.5167999999999
2014-11-25,2735.2408
2014-11-26,2359.0276
2014-11-27,1416.4404000000002
2014-11-28,1519.1604
2014-11-29,1146.0936
2014-11-30,203.5048
2014-12-01,2340.748
2014-12-02,2602.5156
2014-12-03,1490.8836
2014-12-04,1564.6879999999999
2014-12-05,1105.3368
2014-12-06,1403.7828
2014-12-07,13.764800000000001
2014-12-08,52.173199999999994
2014-12-09,2461.1432
2014-12-10,1198.5012
2014-12-11,1330.8836
2014-12-12,1372.0032
2014-12-13,464.31199999999995
2014-12-14,335.9108
2014-12-15,2186.3408
2014-12-16,1501.6388
2014-12-17,1958.1428
2014-12-18,1474.7484
2014-12-19,1360.5908
2014-12-20,1358.8156
2014-12-21,235.92520000000002
2014-12-22,1565.4268
2014-12-23,2415.2352
2014-12-24,1278.0688
2014-12-25,
2014-12-26,
2014-12-27,306.55400000000003
2014-12-28,32.263200000000005
2014-12-29,527.6764
2014-12-30,1248.9484
2014-12-31,378.87
2015-01-01,
2015-01-02,1386.8176
2015-01-03,1162.7412
2015-01-04,
2015-01-05,947.6516
2015-01-06,104.68360000000001
2015-01-07,3989.7304
2015-01-08,4158.5024
2015-01-09,2462.6416
2015-01-10,1578.7323999999999
2015-01-11,1420.5144
2015-01-12,2357.2872
2015-01-13,3472.6335999999997
2015-01-14,2390.8228
2015-01-15,2421.6304
2015-01-16,2226.4264000000003
2015-01-17,1616.2556
2015-01-18,112.7916
2015-01-19,2035.184
2015-01-20,3990.8944
2015-01-21,2572.2632
2015-01-22,2904.4436
2015-01-23,1099.4252000000001
2015-01-24,2091.9588
2015-01-25,444.61440000000005
2015-01-26,2461.6856
2015-01-27,3228.3252
2015-01-28,3420.8132
2015-01-29,4966.432
2015-01-30,5683.206
2015-01-31,7550.6868
2015-02-01,394.3392
2015-02-02,3319.4664000000002
2015-02-03,1987.602
2015-02-04,4175.992
2015-02-05,2067.1936
2015-02-06,1346.3728
2015-02-07,625.306
2015-02-08,387.63199999999995
2015-02-09,1858.1392
2015-02-10,4140.338400000001
2015-02-11,3004.6308000000004
2015-02-12,2013.3072
2015-02-13,4167.674
2015-02-14,1431.9412
2015-02-15,677.2092
2015-02-16,2185.6820000000002
2015-02-17,2944.7984
2015-02-18,2797.6052
2015-02-19,2267.3172
2015-02-20,2085.0284
2015-02-21,950.2080000000001
2015-02-22,222.7148
2015-02-23,1984.0156
2015-02-24,1802.0595999999998
2015-02-25,3044.0172
2015-02-26,1787.336
2015-02-27,2138.2364000000002
2015-02-28,1547.8748
2015-03-01,414.142
2015-03-02,2205.7952
2015-03-03,2867.5176
2015-03-04,2325.3723999999997
2015-03-05,2195.6567999999997
2015-03-06,1660.4823999999999
2015-03-07,770.5219999999999
2015-03-08,37.2988
2015-03-09,3339.2347999999997
2015-03-10,3300.9932
2015-03-11,2082.474
2015-03-12,1046.7096000000001
2015-03-13,1091.0603999999998
2015-03-14,1058.4736
2015-03-15,95.156
2015-03-16,1720.3095999999998
2015-03-17,2568.2752
2015-03-18,2330.2756
2015-03-19,1419.7556
2015-03-20,2362.5916
2015-03-21,2559.2688
2015-03-22,61.0736
2015-03-23,1281.1604
2015-03-24,1858.6916
2015-03-25,1996.632
2015-03-26,2395.0976
2015-03-27,2335.1064
2015-03-28,945.5552
2015-03-29,228.7724
2015-03-30,3075.2288
2015-03-31,3610.11
2015-04-01,5391.238
2015-04-02,2511.5992
2015-04-03,2458.8092
2015-04-04,1372.9356
2015-04-05,
2015-04-06,
2015-04-07,4254.168
2015-04-08,3164.1608
2015-04-09,2475.9748
2015-04-10,2786.042
2015-04-11,1188.0148
2015-04-12,345.116
2015-04-13,1424.2468
2015-04-14,2405.9712
2015-04-15,1949.0216
2015-04-16,992.0092
2015-04-17,1667.6968
2015-04-18,1457.0276000000001
2015-04-19,44.054399999999994
2015-04-20,1821.2072
2015-04-21,3298.7203999999997
2015-04-22,2442.5828
2015-04-23,1729.2020000000002
2015-04-24,2474.428
2015-04-25,323.6008
2015-04-26,1142.67
2015-04-27,1913.9620000000002
2015-04-28,2919.3632000000002
2015-04-29,2582.1711999999998
2015-04-30,1914.9016000000001
2015-05-01,54.366400000000006
2015-05-02,624.0652
2015-05-03,
2015-05-04,1409.9616
2015-05-05,3969.3276
2015-05-06,2779.1244
2015-05-07,2027.89
2015-05-08,2937.3464000000004
2015-05-09,2540.8628
2015-05-10,112.29879999999999
2015-05-11,1930.8508
2015-05-12,3251.8579999999997
2015-05-13,2560.1372
2015-05-14,2428.65
2015-05-15,2352.78
2015-05-16,1332.7923999999998
2015-05-17,35.842800000000004
2015-05-18,1822.2512
2015-05-19,2887.3536
2015-05-20,2332.1788
2015-05-21,2165.1688
2015-05-22,2494.468
2015-05-23,1162.362
2015-05-24,468.80120000000005
2015-05-25,2026.6336
2015-05-26,3228.0559999999996
2015-05-27,1732.7007999999998
2015-05-28,4178.6364
2015-05-29,2430.3448000000003
2015-05-30,1316.1296
2015-05-31,297.8408
2015-06-01,1102.9232000000002
2015-06-02,
2015-06-03,3284.1859999999997
2015-06-04,3456.764
2015-06-05,2917.5088
2015-06-06,2127.074
2015-06-07,403.82919999999996
2015-06-08,2679.5956
2015-06-09,3403.5524
2015-06-10,2967.1748
2015-06-11,1640.6452
2015-06-12,544.12
2015-06-13,1519.3256
2015-06-14,460.0912
2015-06-15,2605.348
2015-06-16,2677.6708000000003
2015-06-17,2051.2172
2015-06-18,1445.54
2015-06-19,2040.1248
2015-06-20,1736.1288
2015-06-21,479.556
2015-06-22,1205.9452
2015-06-23,1499.3
2015-06-24,1383.8876
2015-06-25,2263.1079999999997
2015-06-26,894.0544
2015-06-27,909.4903999999999
2015-06-28,88.40559999999999
2015-06-29,866.4268
2015-06-30,2855.6423999999997
2015-07-01,1946.2512
2015-07-02,3761.1676
2015-07-03,932.5188
2015-07-04,670.078
2015-07-05,325.2552
2015-07-06,2023.6948000000002
2015-07-07,2375.3851999999997
2015-07-08,1700.2720000000002
2015-07-09,1617.9616
2015-07-10,1349.1264
2015-07-11,565.0088
2015-07-12,5.0952
2015-07-13,1958.0639999999999
2015-07-14,1924.7779999999998
2015-07-15,1951.5976
2015-07-16,1625.7344
2015-07-17,1664.3496
2015-07-18,664.2739999999999
2015-07-19,180.89919999999998
2015-07-20,1313.378
2015-07-21,1128.7388
2015-07-22,2388.0388000000003
2015-07-23,992.674
2015-07-24,1806.8339999999998
2015-07-25,1759.2468
2015-07-26,
2015-07-27,632.8928
2015-07-28,1540.6396
2015-07-29,1231.6928
2015-07-30,2961.5852
2015-07-31,1226.2336
2015-08-01,1272.6388
2015-08-02,141.7732
2015-08-03,182.7408
2015-08-04,811.0928
2015-08-05,950.4584
2015-08-06,1022.1508
2015-08-07,1297.9356
2015-08-08,486.7804
2015-08-09,
2015-08-10,60.126000000000005
2015-08-11,79.0552
2015-08-12,111.0632
2015-08-13,322.8188
2015-08-14,79.8312
2015-08-15,
2015-08-16,7.4692
2015-08-17,24.218000000000004
2015-08-18,48.471199999999996
2015-08-19,25.1384
2015-08-20,60.254799999999996
2015-08-21,127.3528
2015-08-22,38.6916
2015-08-23,
2015-08-24,543.4568
2015-08-25,1076.8244
2015-08-26,854.4760000000001
2015-08-27,638.636
2015-08-28,565.7068
2015-08-29,814.1272
2015-08-30,
2015-08-31,1570.2216
2015-09-01,2320.0516000000002
2015-09-02,1985.0564000000002
2015-09-03,1669.944
2015-09-04,1455.9679999999998
2015-09-05,1179.7828
2015-09-06,124.1436
2015-09-07,1679.1972
2015-09-08,2234.1636
2015-09-09,1326.7135999999998
2015-09-10,1992.6308
2015-09-11,852.5060000000001
2015-09-12,1283.3676
2015-09-13,81.19279999999999
2015-09-14,1042.9556
2015-09-15,1837.66
2015-09-16,1804.4707999999998
2015-09-17,3022.0388000000003
2015-09-18,2421.3451999999997
2015-09-19,921.6388000000001
2015-09-20,105.9308
2015-09-21,1187.5052
2015-09-22,2471.722
2015-09-23,2614.5552
2015-09-24,2850.5464
2015-09-25,1722.7920000000001
2015-09-26,1049.17
2015-09-27,206.4564
2015-09-28,1354.8339999999998
2015-09-29,3752.3464000000004
2015-09-30,2486.1528
2015-10-01,3438.2472
2015-10-02,3675.9184000000005
2015-10-03,1220.1376
2015-10-04,421.5332
2015-10-05,2338.278
2015-10-06,3739.8848
2015-10-07,1997.7476000000001
2015-10-08,2149.1751999999997
2015-10-09,2264.6016
2015-10-10,1420.9876000000002
2015-10-11,143.55200000000002
2015-10-12,2138.8184
2015-10-13,4769.3304
2015-10-14,2957.04
2015-10-15,4044.0456
2015-10-16,2783.572
2015-10-17,1044.7828
2015-10-18,65.1452
2015-10-19,3137.1456
2015-10-20,3314.2008
2015-10-21,2296.4624
2015-10-22,3458.0528000000004
2015-10-23,2276.7736
2015-10-24,1474.796
2015-10-25,766.1992
2015-10-26,2187.314
2015-10-27,3874.022
2015-10-28,2493.2724
2015-10-29,2951.0068
2015-10-30,2927.928
2015-10-31,2395.0632
2015-11-01,96.08879999999999
2015-11-02,3566.636
2015-11-03,3451.0359999999996
2015-11-04,3140.7756
2015-11-05,5156.4776
2015-11-06,3635.5791999999997
2015-11-07,1938.5179999999998
2015-11-08,747.9492
2015-11-09,2222.7712
2015-11-10,2955.1052
2015-11-11,2300.2428
2015-11-12,2876.3048
2015-11-13,2226.1711999999998
2015-11-14,801.7667999999999
2015-11-15,99.87440000000001
2015-11-16,2167.0244000000002
2015-11-17,2201.0044
2015-11-18,1708.888
2015-11-19,2788.6664
2015-11-20,4056.8884000000003
2015-11-21,773.3756
2015-11-22,105.206
2015-11-23,2407.4784
2015-11-24,2315.8472
2015-11-25,2169.244
2015-11-26,2801.1332
2015-11-27,1458.7907999999998
2015-11-28,734.9072
2015-11-29,121.64399999999999
2015-11-30,2083.4344
2015-12-01,2101.7804
2015-12-02,2621.7552
2015-12-03,3962.3728
2015-12-04,1616.3272
2015-12-05,1002.7284
2015-12-06,119.64040000000001
2015-12-07,571.554
2015-12-08,39.8612
2015-12-09,2908.8848
2015-12-10,1959.1956
2015-12-11,1657.4096
2015-12-12,1155.4276
2015-12-13,296.6044
2015-12-14,2496.2304
2015-12-15,2278.1264
2015-12-16,2773.3388
2015-12-17,1358.5244
2015-12-18,863.852
2015-12-19,1183.5116
2015-12-20,116.5208
2015-12-21,1305.4952
2015-12-22,2747.6823999999997
2015-12-23,1672.1732000000002
2015-12-24,319.3784
2015-12-25,
2015-12-26,
2015-12-27,
2015-12-28,570.054
2015-12-29,474.7292
2015-12-30,447.4292
2015-12-31,666.4348
2016-01-01,106.484
2016-01-02,439.0468
2016-01-03,
2016-01-04,1300.8111999999999
2016-01-05,2578.7692
2016-01-06,39.0716
2016-01-07,3892.6608
2016-01-08,2828.6612
2016-01-09,1271.3916
2016-01-10,41.36
2016-01-11,3304.4832
2016-01-12,2624.4784000000004
2016-01-13,2521.9132
2016-01-14,3140.2652000000003
2016-01-15,2501.8472
2016-01-16,1003.6403999999999
2016-01-17,277.2652
2016-01-18,2871.7092
2016-01-19,4467.7052
2016-01-20,3075.8828000000003
2016-01-21,2196.5548
2016-01-22,1693.808
2016-01-23,1008.49
2016-01-24,71.3672
2016-01-25,3629.7028000000005
2016-01-26,4265.8568
2016-01-27,4007.9568
2016-01-28,4503.411599999999
2016-01-29,4723.824799999999
2016-01-30,7796.770799999999
2016-01-31,2429.8296
2016-02-01,6721.161999999999
2016-02-02,2619.9544
2016-02-03,2783.7871999999998
2016-02-04,1867.8892
2016-02-05,1973.7588
2016-02-06,1112.9052000000001
2016-02-07,310.55400000000003
2016-02-08,2730.7216
2016-02-09,2938.7540000000004
2016-02-10,2443.5864
2016-02-11,2790.1812
2016-02-12,3262.986
2016-02-13,1845.2151999999999
2016-02-14,911.842
2016-02-15,2756.9236
2016-02-16,3239.9044
2016-02-17,3672.4484
2016-02-18,2343.1444
2016-02-19,1220.2116
2016-02-20,825.5064
2016-02-21,299.3752
2016-02-22,1383.5095999999999
2016-02-23,2633.1348
2016-02-24,1297.5656
2016-02-25,2947.2347999999997
2016-02-26,2225.1004000000003
2016-02-27,1580.2807999999998
2016-02-28,89.978
2016-02-29,2217.9892
2016-03-01,2623.6188
2016-03-02,3154.812
2016-03-03,2234.7364000000002
2016-03-04,2772.5364
2016-03-05,937.7488000000001
2016-03-06,49.9412
2016-03-07,2133.4276
2016-03-08,1831.1208
2016-03-09,3415.7356
2016-03-10,1183.8772
2016-03-11,1913.4807999999998
2016-03-12,1200.3183999999999
2016-03-13,117.66
2016-03-14,1238.204
2016-03-15,3007.1852000000003
2016-03-16,2484.8168
2016-03-17,2136.0404
2016-03-18,2416.9411999999998
2016-03-19,409.3024
2016-03-20,91.41120000000001
2016-03-21,1691.2664000000002
2016-03-22,3379.2859999999996
2016-03-23,2637.8908
2016-03-24,3004.0324
2016-03-25,2092.9712
2016-03-26,672.5884
2016-03-27,
2016-03-28,
2016-03-29,4368.3084
2016-03-30,2086.7736
2016-03-31,3554.5512
2016-04-01,1969.9312
2016-04-02,855.2503999999999
2016-04-03,145.3
2016-04-04,2281.812
2016-04-05,2871.5415999999996
2016-04-06,3100.0428
2016-04-07,2149.2808
2016-04-08,1574.8492
2016-04-09,1294.3896
2016-04-10,26.82
2016-04-11,1546.0620000000001
2016-04-12,1702.5556
2016-04-13,1623.1984
2016-04-14,2338.7124
2016-04-15,1828.7379999999998
2016-04-16,781.5964
2016-04-17,105.4948
2016-04-18,1812.6412
2016-04-19,3013.6924
2016-04-20,3219.9388
2016-04-21,2167.3692
2016-04-22,2286.3024
2016-04-23,1140.848
2016-04-24,80.5688
2016-04-25,71.2176
2016-04-26,2728.1644
2016-04-27,4428.7771999999995
2016-04-28,3408.0604
2016-04-29,2417.5648
2016-04-30,1445.3696
2016-05-01,
2016-05-02,1499.4160000000002
2016-05-03,2485.8995999999997
2016-05-04,2952.6872
2016-05-05,3309.054
2016-05-06,2625.6812
2016-05-07,1343.7616
2016-05-08,160.5312
2016-05-09,3569.008
2016-05-10,3341.9015999999997
2016-05-11,2711.634
2016-05-12,2564.5392
2016-05-13,2441.7552
2016-05-14,1767.234
2016-05-15,99.65280000000001
2016-05-16,2423.4632
2016-05-17,2238.5632
2016-05-18,2843.8244
2016-05-19,2052.3808
2016-05-20,2346.1332
2016-05-21,1959.7348000000002
2016-05-22,653.4592
2016-05-23,2595.7872
2016-05-24,3061.8084000000003
2016-05-25,2892.5316
2016-05-26,2370.634
2016-05-27,2692.2459999999996
2016-05-28,2130.8988
2016-05-29,
2016-05-30,1753.4348
2016-05-31,3023.2552
2016-06-01,4055.724
2016-06-02,123.65719999999999
2016-06-03,2918.3932
2016-06-04,1379.9268
2016-06-05,109.84200000000001
2016-06-06,3286.55
2016-06-07,3521.6084
2016-06-08,4359.5635999999995
2016-06-09,1761.8111999999999
2016-06-10,3034.1767999999997
2016-06-11,2091.2216
2016-06-12,449.7668
2016-06-13,1660.3108
2016-06-14,3449.4628000000002
2016-06-15,2812.95
2016-06-16,3344.9284000000002
2016-06-17,2440.744
2016-06-18,1239.7748
2016-06-19,345.4396
2016-06-20,3043.3340000000003
2016-06-21,1641.1376
2016-06-22,1693.872
2016-06-23,2215.962
2016-06-24,3158.2008
2016-06-25,2327.6868
2016-06-26,
2016-06-27,568.4212
2016-06-28,1823.39
2016-06-29,1894.444
2016-06-30,1035.84
2016-07-01,1611.4107999999999
2016-07-02,991.1591999999999
2016-07-03,
2016-07-04,1382.0888
2016-07-05,1983.6704
2016-07-06,2106.4852
2016-07-07,1365.9124
2016-07-08,873.8828
2016-07-09,904.4960000000001
2016-07-10,3.3895999999999997
2016-07-11,1169.8872000000001
2016-07-12,1730.5076000000001
2016-07-13,2248.354
2016-07-14,1989.204
2016-07-15,620.4688
2016-07-16,888.4528
2016-07-17,12.794400000000001
2016-07-18,1332.1984
2016-07-19,2390.2564
2016-07-20,1501.5107999999998
2016-07-21,1257.4932000000001
2016-07-22,1225.9556
2016-07-23,1358.0876
2016-07-24,229.28
2016-07-25,1306.3856
2016-07-26,2031.0176000000001
2016-07-27,3119.9096000000004
2016-07-28,1817.854
2016-07-29,1258.9548
2016-07-30,1853.5844
2016-07-31,237.78080000000003
2016-08-01,2201.3716
2016-08-02,1658.8704
2016-08-03,1218.0864
2016-08-04,1644.9324
2016-08-05,2097.9267999999997
2016-08-06,381.44919999999996
2016-08-07,
2016-08-08,1304.1756
2016-08-09,367.9396
2016-08-10,256.10360000000003
2016-08-11,673.878
2016-08-12,454.13
2016-08-13,50.4968
2016-08-14,
2016-08-15,
2016-08-16,9.5972
2016-08-17,293.6744
2016-08-18,
2016-08-19,21.7376
2016-08-20,17.3848
2016-08-21,
2016-08-22,544.3032
2016-08-23,905.5
2016-08-24,612.182
2016-08-25,983.5996
2016-08-26,325.0736
2016-08-27,341.7748
2016-08-28,
2016-08-29,1238.8532
2016-08-30,1248.4032
2016-08-31,2688.3792
2016-09-01,2212.8736
2016-09-02,2025.7916
2016-09-03,929.6439999999999
2016-09-04,30.218400000000003
2016-09-05,1121.1748
2016-09-06,1790.6356
2016-09-07,1765.1156
2016-09-08,1450.5495999999998
2016-09-09,1738.6256
2016-09-10,1019.2688
2016-09-11,249.84040000000002
2016-09-12,2572.1464
2016-09-13,2592.8772
2016-09-14,2020.4328
2016-09-15,1507.0192000000002
2016-09-16,1825.1804000000002
2016-09-17,1132.4044000000001
2016-09-18,232.5792
2016-09-19,1322.8664
2016-09-20,3023.262
2016-09-21,1606.5272
2016-09-22,1981.3256
2016-09-23,1658.1951999999999
2016-09-24,1706.6127999999999
2016-09-25,100.6476
2016-09-26,1863.4776000000002
2016-09-27,2617.1432
2016-09-28,2265.0807999999997
2016-09-29,3695.9392
2016-09-30,2171.1112
2016-10-01,1069.3872000000001
2016-10-02,42.611999999999995
2016-10-03,2120.3876
2016-10-04,3805.4108
2016-10-05,3471.1376
2016-10-06,2844.458
2016-10-07,2113.7556
2016-10-08,2325.0964000000004
2016-10-09,601.5552
2016-10-10,3581.6623999999997
2016-10-11,2771.7832
2016-10-12,4078.7188
2016-10-13,2766.8512
2016-10-14,2669.3108
2016-10-15,1555.3984
2016-10-16,225.232
2016-10-17,2908.4512
2016-10-18,4502.8828
2016-10-19,3924.9424
2016-10-20,2144.3404
2016-10-21,2101.0696
2016-10-22,1658.3896
2016-10-23,136.8512
2016-10-24,1537.7476000000001
2016-10-25,4461.2764
2016-10-26,4265.5464
2016-10-27,4050.1391999999996
2016-10-28,1929.3852
2016-10-29,2043.3736
2016-10-30,4.4324
2016-10-31,2502.9395999999997
2016-11-01,280.4232
2016-11-02,3316.3396000000002
2016-11-03,4342.5888
2016-11-04,3311.4808000000003
2016-11-05,1638.5028
2016-11-06,251.13479999999998
2016-11-07,2212.616
2016-11-08,2824.6676
2016-11-09,4451.2988000000005
2016-11-10,2312.8736
2016-11-11,2413.2132
2016-11-12,1622.672
2016-11-13,110.6788
2016-11-14,2275.0356
2016-11-15,1785.3296
2016-11-16,2972.3176000000003
2016-11-17,1518.384
2016-11-18,1032.8396
2016-11-19,960.678
2016-11-20,259.252
2016-11-21,1727.3632
2016-11-22,1748.1724
2016-11-23,1734.4668
2016-11-24,2033.7372
2016-11-25,1516.9688
2016-11-26,616.5196
2016-11-27,289.2948
2016-11-28,1043.5788
2016-11-29,1371.3324
2016-11-30,1498.9312
2016-12-01,1835.9995999999999
2016-12-02,2033.4856
2016-12-03,1704.8988
2016-12-04,16.8416
2016-12-05,1795.8492
2016-12-06,2472.4908
2016-12-07,2367.2408
2016-12-08,24.948800000000002
2016-12-09,975.9472000000001
2016-12-10,1298.856
2016-12-11,214.5036
2016-12-12,1969.3848
2016-12-13,3265.1312
2016-12-14,1889.9864000000002
2016-12-15,1498.6556
2016-12-16,2628.6784000000002
2016-12-17,1266.8627999999999
2016-12-18,84.27600000000001
2016-12-19,1619.6435999999999
2016-12-20,1869.5328
2016-12-21,2254.4164
2016-12-22,1974.7751999999998
2016-12-23,1305.7624
2016-12-24,833.9624
2016-12-25,
2016-12-26,
2016-12-27,1026.7596
2016-12-28,1056.8852
2016-12-29,752.2176
2016-12-30,1945.2807999999998
2016-12-31,396.2244
2017-01-01,
2017-01-02,2928.3556
2017-01-03,1674.2292000000002
2017-01-04,2134.34
2017-01-05,1068.1984
2017-01-06,
2017-01-07,1296.812
2017-01-08,189.7296
2017-01-09,5481.4796
2017-01-10,2991.5096000000003
2017-01-11,2319.2892
2017-01-12,1975.5608
2017-01-13,2637.9356
2017-01-14,1828.4660000000001
2017-01-15,175.61759999999998
2017-01-16,1454.2048000000002
2017-01-17,3790.6704
2017-01-18,2448.0784
2017-01-19,2995.7268
2017-01-20,2176.444
2017-01-21,1812.7196
2017-01-22,438.7888
2017-01-23,3362.6076000000003
2017-01-24,2749.9752000000003
2017-01-25,4425.8568
2017-01-26,3244.2996000000003
2017-01-27,7263.4248
2017-01-28,5655.0844
2017-01-29,622.6828
2017-01-30,10403.5792
2017-01-31,15227.031200000001
2017-02-01,2696.8003999999996
2017-02-02,2213.1572
2017-02-03,2786.202
2017-02-04,901.1012
2017-02-05,561.1876
2017-02-06,2122.9624
2017-02-07,1966.2867999999999
2017-02-08,2408.4492
2017-02-09,1980.6104
2017-02-10,1077.4656
2017-02-11,3245.6440000000002
2017-02-12,38.1324
2017-02-13,1561.3036
2017-02-14,1768.1316
2017-02-15,1778.0132
2017-02-16,1372.8292000000001
2017-02-17,2414.8523999999998
2017-02-18,618.236
2017-02-19,359.332
2017-02-20,1442.148
2017-02-21,1597.98
2017-02-22,2801.0188
2017-02-23,2516.2056
2017-02-24,2039.9764000000002
2017-02-25,937.1419999999999
2017-02-26,46.2504
2017-02-27,1470.3368
2017-02-28,2602.9804
2017-03-01,2350.7116
2017-03-02,1930.1612
2017-03-03,1894.8416
2017-03-04,622.4592
2017-03-05,212.9348
2017-03-06,1873.0844
2017-03-07,2053.7792
2017-03-08,1531.0739999999998
2017-03-09,2341.9884
2017-03-10,1958.7920000000001
2017-03-11,1033.9524000000001
2017-03-12,86.71959999999999
2017-03-13,1327.0116
2017-03-14,3236.9584000000004
2017-03-15,2457.7252
2017-03-16,2256.0332
2017-03-17,2075.6620000000003
2017-03-18,1122.5008
2017-03-19,84.7
2017-03-20,2005.2607999999998
2017-03-21,2405.2196
2017-03-22,1933.2379999999998
2017-03-23,1353.1532
2017-03-24,2267.5836
2017-03-25,1122.2632
2017-03-26,758.4975999999999
2017-03-27,2825.4544
2017-03-28,3428.1023999999998
2017-03-29,4667.807199999999
2017-03-30,1439.2812
2017-03-31,2286.6524
2017-04-01,1617.2372
2017-04-02,813.3960000000001
2017-04-03,2697.9871999999996
2017-04-04,3161.7928
2017-04-05,1592.9784
2017-04-06,1709.8324
2017-04-07,2128.6328
2017-04-08,1517.2251999999999
2017-04-09,41.326800000000006
2017-04-10,2022.8908
2017-04-11,3268.5679999999998
2017-04-12,4670.7088
2017-04-13,3574.9204
2017-04-14,3170.9824
2017-04-15,1826.0276000000001
2017-04-16,260.0112
2017-04-17,
2017-04-18,3220.5047999999997
2017-04-19,2692.0703999999996
2017-04-20,2299.002
2017-04-21,1138.9748
2017-04-22,1041.1228
2017-04-23,
2017-04-24,1825.5484
2017-04-25,91.43440000000001
2017-04-26,2928.3584
2017-04-27,1236.6127999999999
2017-04-28,2781.5636
2017-04-29,986.1012
2017-04-30,84.49680000000001
2017-05-01,272.04720000000003
2017-05-02,3344.3368
2017-05-03,4099.904
2017-05-04,1819.0320000000002
2017-05-05,3927.7547999999997
2017-05-06,1107.188
2017-05-07,17.9272
2017-05-08,2379.2568
2017-05-09,2726.41
2017-05-10,3385.8984
2017-05-11,3528.176
2017-05-12,2827.3288000000002
2017-05-13,1137.6096
2017-05-14,
2017-05-15,1694.8388
2017-05-16,2197.7676
2017-05-17,5054.4776
2017-05-18,2649.8296
2017-05-19,3600.8576000000003
2017-05-20,1676.2551999999998
2017-05-21,812.3472
2017-05-22,2860.6684000000005
2017-05-23,2425.6256
2017-05-24,3153.5671999999995
2017-05-25,4058.4847999999997
2017-05-26,1748.6760000000002
2017-05-27,1162.4724
2017-05-28,435.8312
2017-05-29,1496.9923999999999
2017-05-30,3013.8196000000003
2017-05-31,2396.1232
2017-06-01,3154.2376
2017-06-02,
2017-06-03,687.8803999999999
2017-06-04,66.4452
2017-06-05,2767.696
2017-06-06,4772.2576
2017-06-07,4242.3312
2017-06-08,1809.0604
2017-06-09,4677.255999999999
2017-06-10,4381.5848
2017-06-11,59.6712
2017-06-12,2232.1604
2017-06-13,3970.1872
2017-06-14,2237.7672000000002
2017-06-15,4239.8571999999995
2017-06-16,2000.632
2017-06-17,1388.7879999999998
2017-06-18,
2017-06-19,1217.3568
2017-06-20,2731.8944
2017-06-21,3017.822
2017-06-22,2767.7659999999996
2017-06-23,3104.9732
2017-06-24,934.9024000000001
2017-06-25,169.5716
2017-06-26,1299.7024000000001
2017-06-27,1579.8492
2017-06-28,1610.3828
2017-06-29,1087.72
2017-06-30,2203.1216
2017-07-01,648.9328
2017-07-02,
2017-07-03,1766.6104
2017-07-04,1641.0492000000002
2017-07-05,1405.7007999999998
2017-07-06,1819.5716
2017-07-07,2594.8372
2017-07-08,1385.4904000000001
2017-07-09,28.886799999999997
2017-07-10,1473.5728
2017-07-11,1463.4328
2017-07-12,1802.8123999999998
2017-07-13,1320.1388
2017-07-14,968.3516000000001
2017-07-15,923.4839999999999
2017-07-16,96.944
2017-07-17,1940.0824
2017-07-18,2372.9648
2017-07-19,2701.8572
2017-07-20,1627.32
2017-07-21,2604.156
2017-07-22,1351.9460000000001
2017-07-23,55.2388
2017-07-24,1394.2944
2017-07-25,2830.5847999999996
2017-07-26,2026.3908
2017-07-27,2361.4688
2017-07-28,2588.0728
2017-07-29,1444.3264000000001
2017-07-30,0.0
2017-07-31,2608.3528
2017-08-01,1637.1512
2017-08-02,1949.7004000000002
2017-08-03,2565.36
2017-08-04,2229.0744
2017-08-05,1268.2644
2017-08-06,112.3
2017-08-07,123.7584
2017-08-08,775.8716000000001
2017-08-09,156.6232
2017-08-10,721.6844
2017-08-11,810.5224000000001
2017-08-12,1047.2836
2017-08-13,100.92
2017-08-14,
2017-08-15,
2017-08-16,80.2388
2017-08-17,162.4
2017-08-18,29.0136
2017-08-19,20.6804
2017-08-20,
2017-08-21,572.9488
2017-08-22,213.1548
2017-08-23,332.98720000000003
2017-08-24,598.3672
2017-08-25,432.272
2017-08-26,307.7524
2017-08-27,
2017-08-28,2001.3672
2017-08-29,3497.962
2017-08-30,1850.6856
2017-08-31,3121.2152
2017-09-01,2677.1148
2017-09-02,589.0584
2017-09-03,
2017-09-04,1371.3916
2017-09-05,3610.0103999999997
2017-09-06,2040.3708
2017-09-07,2255.864
2017-09-08,2066.856
2017-09-09,786.8696000000001
2017-09-10,16.5676
2017-09-11,3160.3559999999998
2017-09-12,3904.5564
2017-09-13,2652.256
2017-09-14,1981.006
2017-09-15,2982.304
2017-09-16,1513.7048000000002
2017-09-17,49.3724
2017-09-18,2908.8076
2017-09-19,2885.9071999999996
2017-09-20,3241.8456
2017-09-21,4088.7024
2017-09-22,2421.178
2017-09-23,1190.5868
2017-09-24,679.2596000000001
2017-09-25,1457.3023999999998
2017-09-26,3329.3372
2017-09-27,3295.0064
2017-09-28,3695.9215999999997
2017-09-29,2470.8536
2017-09-30,1702.854
2017-10-01,729.2032
2017-10-02,3633.0535999999997
2017-10-03,3158.1576
2017-10-04,4173.3116
2017-10-05,3828.8532
2017-10-06,3463.386
2017-10-07,2108.574
2017-10-08,2102.8312
2017-10-09,3016.8959999999997
2017-10-10,3889.6659999999997
2017-10-11,3585.4804
2017-10-12,3588.3964
2017-10-13,3695.1504
2017-10-14,3241.45
2017-10-15,274.33119999999997
2017-10-16,2357.0464
2017-10-17,4532.8616
2017-10-18,4660.350399999999
2017-10-19,2647.6823999999997
2017-10-20,3915.3592
2017-10-21,3054.2296
2017-10-22,257.9004
2017-10-23,2572.9016
2017-10-24,5057.4220000000005
2017-10-25,4150.428
2017-10-26,4579.7155999999995
2017-10-27,5048.91
2017-10-28,2616.0824
2017-10-29,664.2488000000001
2017-10-30,3162.0
2017-10-31,4409.9172
2017-11-01,327.0156
2017-11-02,3642.8516
2017-11-03,4896.1744
2017-11-04,2098.2384
2017-11-05,665.4064
2017-11-06,3625.3964
2017-11-07,5042.7452
2017-11-08,3192.028
2017-11-09,3492.2232
2017-11-10,2451.8688
2017-11-11,1223.2256
2017-11-12,39.236799999999995
2017-11-13,2432.3608
2017-11-14,1967.6016
2017-11-15,3393.526
2017-11-16,2519.1276000000003
2017-11-17,2686.2147999999997
2017-11-18,773.2292
2017-11-19,411.62760000000003
2017-11-20,2815.4732
2017-11-21,3112.0512
2017-11-22,2911.6924
2017-11-23,1470.3064000000002
2017-11-24,2141.9312
2017-11-25,1161.6244
2017-11-26,288.1624
2017-11-27,1825.5772
2017-11-28,4110.6867999999995
2017-11-29,2118.29
2017-11-30,2050.9728
2017-12-01,1315.3348
2017-12-02,2526.1852
2017-12-03,
2017-12-04,2729.2432
2017-12-05,2735.7140000000004
2017-12-06,1164.506
2017-12-07,3225.6088
2017-12-08,418.93559999999997
2017-12-09,1271.5332
2017-12-10,69.2
2017-12-11,1818.2060000000001
2017-12-12,2821.6715999999997
2017-12-13,2154.062
2017-12-14,879.8536
2017-12-15,1768.4788
2017-12-16,535.8816
2017-12-17,703.4091999999999
2017-12-18,1514.5688
2017-12-19,1438.4335999999998
2017-12-20,1917.3204
2017-12-21,1604.0811999999999
2017-12-22,2666.9516
2017-12-23,872.7948
2017-12-24,146.822
2017-12-25,
2017-12-26,
2017-12-27,1393.7928
2017-12-28,1292.9188000000001
2017-12-29,2486.5068
2017-12-30,1194.2908
2017-12-31,50.0716
2018-01-01,
2018-01-02,2306.5064
2018-01-03,1443.3
2018-01-04,1381.8396
2018-01-05,2180.8435999999997
2018-01-06,620.68
2018-01-07,
2018-01-08,2407.5044
2018-01-09,3062.8959999999997
2018-01-10,3072.7732
2018-01-11,3235.7624
2018-01-12,1980.1528
2018-01-13,1130.7288
2018-01-14,413.7796
2018-01-15,3699.676
2018-01-16,2911.1928000000003
2018-01-17,6129.775600000001
2018-01-18,4321.0652
2018-01-19,2963.1528000000003
2018-01-20,1388.5032
2018-01-21,52.287600000000005
2018-01-22,3373.8867999999998
2018-01-23,4354.8436
2018-01-24,6081.8276000000005
2018-01-25,4152.3488
2018-01-26,4189.7052
2018-01-27,3257.4316
2018-01-28,25.297600000000003
2018-01-29,6596.2732
2018-01-30,9123.2896
2018-01-31,13758.188
2018-02-01,3330.3108
2018-02-02,4292.3372
2018-02-03,1439.6168
2018-02-04,486.3472
2018-02-05,4000.5771999999997
2018-02-06,2709.062
2018-02-07,3311.5759999999996
2018-02-08,2732.2052000000003
2018-02-09,2655.4492
2018-02-10,2017.1612
2018-02-11,503.2332
2018-02-12,2389.84
2018-02-13,2577.314
2018-02-14,2987.8156
2018-02-15,3725.3784
2018-02-16,2759.3856
2018-02-17,911.25
2018-02-18,510.792
2018-02-19,1733.4928
2018-02-20,2708.4364
2018-02-21,1975.1864
2018-02-22,1307.49
2018-02-23,1235.122
2018-02-24,958.9952000000001
2018-02-25,452.54760000000005
2018-02-26,3571.8024
2018-02-27,2039.3072
2018-02-28,2888.8691999999996
2018-03-01,3364.9035999999996
